IMG,Mat
IMG_1089,PC
IMG_1090,PC
IMG_1091,PC
IMG_1092,PC
IMG_1093,PC
IMG_1094,PC
IMG_1095,PC
IMG_1096,PC
IMG_1097,TFL
IMG_1098,TFL
IMG_1099,TFL
IMG_1100,TFL
IMG_1101,TFL
IMG_1102,TFL
IMG_1103,TFL
IMG_1104,TFL
IMG_1105,TFL
IMG_1106,TFL
IMG_1107,TFL
IMG_1108,TFL
IMG_1109,TFL
IMG_1110,TFL
IMG_1111,PC
IMG_1112,PC
IMG_1113,PC
IMG_1114,PC
IMG_1115,PC
IMG_1116,PC
IMG_1117,PC
IMG_1118,PC
IMG_1119,PC
IMG_1120,PC
IMG_1121,PC
IMG_1122,TFL
IMG_1123,TFL
IMG_1124,TFL
IMG_1125,TFL
IMG_1126,TFL
IMG_1127,TFL
IMG_1128,TFL
IMG_1129,TFL
IMG_1130,TFL
IMG_1131,TFL
IMG_1132,TFL
IMG_1133,TFL
IMG_1134,TFL
IMG_1135,TFL
IMG_1136,PC
IMG_1137,PC
IMG_1138,PC
IMG_1139,PC
IMG_1140,TFL
IMG_1141,TFL
IMG_1142,TFL
IMG_1143,TFL
IMG_1144,TFL
IMG_1145,TFL
IMG_1146,PC
IMG_1147,PC
IMG_1148,PC
IMG_1149,TFL
IMG_1150,TFL
IMG_1151,TFL
IMG_1152,TFL
IMG_1153,TFL
IMG_1154,TFL
IMG_1155,TFL
IMG_1156,TFL
IMG_1157,TFL
IMG_1158,MDF
IMG_1159,MDF
IMG_1160,MDF
IMG_1161,MDF
IMG_1162,MDF
IMG_1163,MDF
IMG_1164,VC
IMG_1165,VC
IMG_1166,VC
IMG_1167,VC
IMG_1168,VC
IMG_1169,VC
IMG_1170,VC
IMG_1171,VC
IMG_1172,TFL
IMG_1173,TFL
IMG_1174,TFL
IMG_1175,TFL
IMG_1176,TFL
IMG_1177,TFL
IMG_1178,TFL
IMG_1179,TFL
IMG_1180,TFL
IMG_1181,TFL
IMG_1182,TFL
IMG_1183,TFL
IMG_1184,PC
IMG_1185,PC
IMG_1186,PC
IMG_1187,PC
IMG_1188,PC
IMG_1189,TFL
IMG_1190,TFL
IMG_1191,TFL
IMG_1192,PC
IMG_1193,PC
IMG_1194,PC
IMG_1195,PC
IMG_1196,PC
IMG_1197,PC
IMG_1198,TFL
IMG_1199,TFL
IMG_1200,PC
IMG_1201,PC
IMG_1202,PC
IMG_1203,PC
IMG_1204,PC
IMG_1205,PC
IMG_1206,PC
IMG_1207,PC
IMG_1208,PC
IMG_1209,PC
IMG_1210,PC
IMG_1211,PC
IMG_1212,PC
IMG_1213,PC
IMG_1214,PC
IMG_1215,PC
IMG_1216,PC
IMG_1217,PC
IMG_1218,PC
IMG_1219,PC
IMG_1220,PC
IMG_1221,PC
IMG_1222,PC
IMG_1223,PC
IMG_1224,PC
IMG_1225,PC
IMG_1226,PC
IMG_1227,PC
IMG_1228,PC
IMG_1229,PC
IMG_1230,PC
IMG_1231,PC
IMG_1232,PC
IMG_1233,PC
IMG_1234,PC
IMG_1235,PC
IMG_1236,PC
IMG_1237,PC
IMG_1238,PC
IMG_1239,PC
IMG_1240,PC
IMG_1241,PC
IMG_1242,PC
IMG_1243,PC
IMG_1244,PC
IMG_1245,PC
IMG_1246,PC
IMG_1247,PC
IMG_1248,PC
IMG_1249,PC
IMG_1250,PC
IMG_1251,PC
IMG_1252,PC
IMG_1253,PC
IMG_1254,PC
IMG_1255,PC
IMG_1256,TFL
IMG_1257,TFL
IMG_1258,TFL
IMG_1259,TFL
IMG_1260,TFL
IMG_1261,TFL
IMG_1262,TFL
IMG_1263,VC
IMG_1264,VC
IMG_1265,MDF
IMG_1266,MDF
IMG_1267,MDF
IMG_1268,VC
IMG_1269,VC
IMG_1270,VC
IMG_1271,MDF
IMG_1272,MDF
IMG_1273,MDF
IMG_1274,TFL
IMG_1275,TFL
IMG_1276,TFL
IMG_1277,TFL
IMG_1278,TFL
IMG_1279,PC
IMG_1280,TFL
IMG_1281,TFL
IMG_1282,TFL
IMG_1283,TFL
IMG_1284,TFL
IMG_1285,TFL
IMG_1286,TFL
IMG_1287,TFL
IMG_1288,TFL
IMG_1289,TFL
IMG_1290,TFL
IMG_1291,TFL
IMG_1292,TFL
IMG_1293,TFL
IMG_1294,TFL
IMG_1295,TFL
IMG_1296,TFL
IMG_1297,TFL
IMG_1298,TFL
IMG_1299,TFL
IMG_1300,TFL
IMG_1301,TFL
IMG_1302,TFL
IMG_1303,PC
IMG_1304,TFL
IMG_1305,TFL
IMG_1306,TFL
IMG_1307,TFL
IMG_1308,TFL
IMG_1309,TFL
IMG_1310,TFL
IMG_1311,TFL
IMG_1312,TFL
IMG_1313,TFL
IMG_1314,TFL
IMG_1315,TFL
IMG_1316,PC
IMG_1317,PC
IMG_1318,PC
IMG_1319,TFL
IMG_1320,PC
IMG_1321,PC
IMG_1322,PC
IMG_1323,PC
IMG_1324,PC
IMG_1325,TFL
IMG_1326,PC
IMG_1327,PC
IMG_1328,PC
IMG_1329,PC
IMG_1330,PC
IMG_1331,PC
IMG_1332,PC
IMG_1333,PC
IMG_1334,PC
IMG_1335,TFL
IMG_1336,TFL
IMG_1337,PC
IMG_1338,TFL
IMG_1339,PC
IMG_1340,PC
IMG_1341,PC
IMG_1342,PC
IMG_1343,PC
IMG_1344,PC
IMG_1345,VC
IMG_1346,VC
IMG_1347,VC
IMG_1348,VC
IMG_1349,VC
IMG_1350,VC
IMG_1351,VC
IMG_1352,VC
IMG_1353,VC
IMG_1354,VC
IMG_1355,VC
IMG_1356,VC
IMG_1357,VC
IMG_1358,VC
IMG_1359,MDF
IMG_1360,MDF
IMG_1361,MDF
IMG_1362,MDF
IMG_1363,MDF
IMG_1364,MDF
IMG_1365,MDF
IMG_1366,MDF
IMG_1367,MDF
IMG_1368,VC
IMG_1369,VC
IMG_1370,VC
IMG_1371,VC
IMG_1372,VC
IMG_1373,VC
IMG_1374,VC
IMG_1375,VC
IMG_1376,VC
IMG_1377,VC
IMG_1378,VC
IMG_1379,VC
IMG_1380,VC
IMG_1381,VC
IMG_1382,VC
IMG_1383,VC
IMG_1384,PC
IMG_1385,TFL
IMG_1386,TFL
IMG_1387,TFL
IMG_1388,TFL
IMG_1389,TFL
IMG_1390,TFL
IMG_1391,TFL
IMG_1392,TFL
IMG_1393,TFL
IMG_1394,TFL
IMG_1395,TFL
IMG_1396,TFL
IMG_1397,TFL
IMG_1398,TFL
IMG_1399,TFL
IMG_1400,TFL
IMG_1401,TFL
IMG_1402,TFL
IMG_1403,TFL
IMG_1404,PC
IMG_1405,PC
IMG_1406,PC
IMG_1407,PC
IMG_1408,PC
IMG_1409,PC
IMG_1410,PC
IMG_1411,PC
IMG_1412,PC
IMG_1413,PC
IMG_1414,PC
IMG_1415,PC
IMG_1416,PC
IMG_1417,PC
IMG_1418,PC
IMG_1419,PC
IMG_1420,PC
IMG_1421,PC
IMG_1422,PC
IMG_1423,PC
IMG_1424,PC
IMG_1425,PC
IMG_1426,PC
IMG_1427,PC
IMG_1428,PC
IMG_1429,PC
IMG_1430,PC
IMG_1431,PC
IMG_1432,PC
IMG_1433,PC
IMG_1434,PC
IMG_1435,PC
IMG_1436,PC
IMG_1437,PC
IMG_1438,TFL
IMG_1439,TFL
IMG_1440,TFL
IMG_1441,TFL
IMG_1442,TFL
IMG_1443,TFL
IMG_1444,TFL
IMG_1445,TFL
IMG_1446,TFL
IMG_1447,TFL
IMG_1448,TFL
IMG_1449,TFL
IMG_1450,TFL
IMG_1451,TFL
IMG_1452,TFL
IMG_1453,TFL
IMG_1454,TFL
IMG_1455,PC
IMG_1456,TFL
IMG_1457,TFL
IMG_1458,PC
IMG_1459,PC
IMG_1460,TFL
IMG_1461,TFL
IMG_1462,TFL
IMG_1463,TFL
IMG_1464,TFL
IMG_1465,TFL
IMG_1466,TFL
IMG_1467,TFL
IMG_1468,TFL
IMG_1469,TFL
IMG_1470,TFL
IMG_1471,TFL
IMG_1472,TFL
IMG_1473,TFL
IMG_1474,TFL
IMG_1475,TFL
IMG_1476,TFL
IMG_1477,TFL
IMG_1478,TFL
IMG_1479,TFL
IMG_1480,TFL
IMG_1481,TFL
IMG_1482,TFL
IMG_1483,TFL
IMG_1484,TFL
IMG_1485,TFL
IMG_1486,TFL
IMG_1487,TFL
IMG_1488,TFL
IMG_1489,TFL
IMG_1490,TFL
IMG_1491,TFL
IMG_1492,TFL
IMG_1493,TFL
IMG_1494,TFL
IMG_1495,TFL
IMG_1496,PC
IMG_1497,PC
IMG_1498,PC
IMG_1499,PC
IMG_1500,MDF
IMG_1501,MDF
IMG_1502,MDF
IMG_1503,MDF
IMG_1504,MDF
IMG_1505,TFL
IMG_1506,TFL
IMG_1507,TFL
IMG_1508,TFL
IMG_1509,TFL
IMG_1510,TFL
IMG_1511,MDF
IMG_1512,TFL
IMG_1513,TFL
IMG_1514,VC
IMG_1515,VC
IMG_1516,VC
IMG_1517,MDF
IMG_1518,MDF
IMG_1519,MDF
IMG_1520,PC
IMG_1521,PC
IMG_1522,PC
IMG_1523,PC
IMG_1524,VC
IMG_1525,VC
IMG_1526,VC
IMG_1527,PC
IMG_1528,PC
IMG_1529,TFL
IMG_1530,PC
IMG_1531,TFL
IMG_1532,MDF
IMG_1533,MDF
IMG_1534,TFL
IMG_1535,TFL
IMG_1536,TFL
IMG_1537,TFL
IMG_1538,TFL
IMG_1539,TFL
IMG_1540,PC
IMG_1541,TFL
IMG_1542,TFL
IMG_1543,TFL
IMG_1544,VC
IMG_1545,VC
IMG_1546,VC
IMG_1547,TFL
IMG_1548,TFL
IMG_1549,TFL
IMG_1550,PC
IMG_1551,VC
IMG_1552,VC
IMG_1553,VC
IMG_1554,VC
IMG_1555,TFL
IMG_1556,TFL
IMG_1557,TFL
IMG_1558,TFL
IMG_1559,TFL
IMG_1560,TFL
IMG_1561,TFL
IMG_1562,TFL
IMG_1563,TFL
IMG_1564,TFL
IMG_1565,TFL
IMG_1566,TFL
IMG_1567,TFL
IMG_1568,MDF
IMG_1569,MDF
IMG_1570,MDF
IMG_1571,MDF
IMG_1572,MDF
IMG_1573,MDF
IMG_1574,MDF
IMG_1575,MDF
IMG_1576,MDF
IMG_1577,MDF
IMG_1578,TFL
IMG_1579,TFL
IMG_1580,TFL
IMG_1581,PC
IMG_1582,PC
IMG_1583,TFL
IMG_1584,TFL
IMG_1585,PC
IMG_1586,TFL
IMG_1587,PC
IMG_1588,TFL
IMG_1589,TFL
IMG_1590,TFL
IMG_1591,TFL
IMG_1592,TFL
IMG_1593,TFL
IMG_1594,TFL
IMG_1595,TFL
IMG_1596,PC
IMG_1597,MDF
IMG_1598,MDF
IMG_1599,MDF
IMG_1600,MDF
IMG_1601,MDF
IMG_1602,MDF
IMG_1603,MDF
IMG_1604,PC
IMG_1605,PC
IMG_1606,PC
IMG_1607,PC
IMG_1608,PC
IMG_1609,VC
IMG_1610,VC
IMG_1611,VC
IMG_1612,VC
IMG_1613,VC
IMG_1614,VC
IMG_1615,VC
IMG_1616,VC
IMG_1617,TFL
IMG_1618,TFL
IMG_1619,TFL
IMG_1620,TFL
IMG_1621,TFL
IMG_1622,TFL
IMG_1623,TFL
IMG_1624,TFL
IMG_1625,PC
IMG_1626,PC
IMG_1627,PC
IMG_1628,MDF
IMG_1629,MDF
IMG_1630,MDF
IMG_1631,MDF
IMG_1632,MDF
IMG_1633,MDF
IMG_1634,MDF
IMG_1635,PC
IMG_1636,PC
IMG_1637,PC
IMG_1638,PC
IMG_1639,PC
IMG_1640,PC
IMG_1641,PC
IMG_1642,PC
IMG_1643,MDF
IMG_1644,MDF
IMG_1645,MDF
IMG_1646,MDF
IMG_1647,MDF
IMG_1648,VC
IMG_1649,VC
IMG_1650,VC
IMG_1651,VC
IMG_1652,TFL
IMG_1653,TFL
IMG_1654,TFL
IMG_1655,TFL
IMG_1656,TFL
IMG_1657,TFL
IMG_1658,TFL
IMG_1659,TFL
IMG_1660,TFL
IMG_1661,TFL
IMG_1662,TFL
IMG_1663,TFL
IMG_1664,TFL
IMG_1665,TFL
IMG_1666,TFL
IMG_1667,PC
IMG_1668,PC
IMG_1669,PC
IMG_1670,PC
IMG_1671,MDF
IMG_1672,MDF
IMG_1673,MDF
IMG_1674,MDF
IMG_1675,MDF
IMG_1676,MDF
IMG_1677,MDF
IMG_1678,MDF
IMG_1679,PC
IMG_1680,PC
IMG_1681,PC
IMG_1682,PC
IMG_1683,TFL
IMG_1684,TFL
IMG_1685,TFL
IMG_1686,TFL
IMG_1687,TFL
IMG_1688,TFL
IMG_1689,TFL
IMG_1690,TFL
IMG_1691,VC
IMG_1692,VC
IMG_1693,VC
IMG_1694,VC
IMG_1695,VC
IMG_1696,TFL
IMG_1697,TFL
IMG_1698,TFL
IMG_1699,TFL
IMG_1700,TFL
IMG_1701,TFL
IMG_1702,TFL
IMG_1703,TFL
IMG_1704,TFL
IMG_1705,TFL
IMG_1706,TFL
IMG_1707,VC
IMG_1708,VC
IMG_1709,VC
IMG_1710,VC
IMG_1711,VC
IMG_1712,VC
IMG_1713,VC
IMG_1714,PC
IMG_1715,PC
IMG_1716,PC
IMG_1717,PC
IMG_1718,PC
IMG_1719,PC
IMG_1720,PC
IMG_1721,PC
IMG_1722,TFL
IMG_1723,VC
IMG_1724,MDF
IMG_1725,MDF
IMG_1726,MDF
IMG_1727,MDF
IMG_1728,MDF
IMG_1729,MDF
IMG_1730,MDF
IMG_1731,VC
IMG_1732,VC
IMG_1733,VC
IMG_1734,VC
IMG_1735,VC
IMG_1736,VC
IMG_1737,VC
IMG_1738,VC
IMG_1739,VC
IMG_1740,TFL
IMG_1741,TFL
IMG_1742,MDF
IMG_1743,MDF
IMG_1744,VC
IMG_1745,VC
IMG_1746,VC
IMG_1747,VC
IMG_1748,MDF
IMG_1749,PC
IMG_1750,PC
IMG_1751,PC
IMG_1752,PC
IMG_1753,PC
IMG_1754,PC
IMG_1755,PC
IMG_1756,PC
IMG_1757,PC
IMG_1758,PC
IMG_1759,PC
IMG_1760,PC
IMG_1761,PC
IMG_1762,PC
IMG_1763,PC
IMG_1764,PC
IMG_1765,PC
IMG_1766,PC
IMG_1767,VC
IMG_1768,VC
IMG_1769,VC
IMG_1770,VC
IMG_1771,VC
IMG_1772,MDF
IMG_1773,TFL
IMG_1774,TFL
IMG_1775,PC
IMG_1776,PC
IMG_1777,PC
IMG_1778,PC
IMG_1779,TFL
IMG_1780,TFL
IMG_1781,PC
IMG_1782,TFL
IMG_1783,MDF
IMG_1784,TFL
IMG_1785,MDF
IMG_1786,MDF
IMG_1787,MDF
IMG_1788,MDF
IMG_1789,PC
IMG_1790,PC
IMG_1791,TFL
IMG_1792,TFL
IMG_1793,TFL
IMG_1794,TFL
IMG_1795,TFL
IMG_1796,TFL
IMG_1797,TFL
IMG_1798,MDF
IMG_1799,MDF
IMG_1800,PC
IMG_1801,TFL
IMG_1802,TFL
IMG_1803,VC
IMG_1804,VC
IMG_1805,TFL
IMG_1806,PC
IMG_1807,TFL
IMG_1808,TFL
IMG_1809,TFL
IMG_1810,TFL
IMG_1811,TFL
IMG_1812,TFL
IMG_1813,TFL
IMG_1814,TFL
IMG_1815,TFL
IMG_1816,VC
IMG_1817,VC
IMG_1818,VC
IMG_1819,VC
IMG_1820,TFL
IMG_1821,TFL
IMG_1822,MDF
IMG_1823,VC
IMG_1824,MDF
IMG_1825,MDF
IMG_1826,MDF
IMG_1827,PC
IMG_1828,PC
IMG_1829,VC
IMG_1830,VC
IMG_1831,VC
IMG_1832,PC
IMG_1833,PC
IMG_1834,PC
IMG_1835,PC
IMG_1836,VC
IMG_1837,VC
IMG_1838,VC
IMG_1839,MDF
IMG_1840,MDF
IMG_1841,VC
IMG_1842,VC
IMG_1843,VC
IMG_1844,VC
IMG_1845,PC
IMG_1846,PC
IMG_1847,PC
IMG_1848,VC
IMG_1849,MDF
IMG_1850,MDF
IMG_1851,PC
IMG_1852,PC
IMG_1853,PC
IMG_1854,PC
IMG_1855,PC
IMG_1856,VC
IMG_1857,VC
IMG_1858,VC
IMG_1859,TFL
IMG_1860,PC
IMG_1861,VC
IMG_1862,PC
IMG_1863,TFL
IMG_1864,TFL
IMG_1865,PC
IMG_1866,TFL
IMG_1867,MDF
IMG_1868,PC
IMG_1869,VC
IMG_1870,PC
IMG_1871,PC
IMG_1872,PC
IMG_1873,PC
IMG_1874,PC
IMG_1875,PC
IMG_1876,PC
IMG_1877,MDF
IMG_1878,MDF
IMG_1879,MDF
IMG_1880,TFL
IMG_1881,TFL
IMG_1882,TFL
IMG_1883,PC
IMG_1884,PC
IMG_1885,PC
IMG_1886,PC
IMG_1887,TFL
IMG_1888,TFL
IMG_1889,TFL
IMG_1890,TFL
IMG_1891,TFL
IMG_1892,TFL
IMG_1893,TFL
IMG_1894,PC
IMG_1895,VC
IMG_1896,TFL
IMG_1897,PC
IMG_1898,TFL
IMG_1899,TFL
IMG_1900,TFL
IMG_1901,TFL
IMG_1902,TFL
IMG_1903,PC
IMG_1904,TFL
IMG_1905,VC
IMG_1906,TFL
IMG_1907,PC
IMG_1908,PC
IMG_1909,PC
IMG_1910,TFL
IMG_1911,TFL
IMG_1912,VC
IMG_1913,VC
IMG_1914,VC
IMG_1915,VC
IMG_1916,VC
IMG_1917,VC
IMG_1918,VC
IMG_1919,VC
IMG_1920,VC
IMG_1921,VC
IMG_1922,VC
IMG_1923,VC
IMG_1924,MDF
IMG_1925,MDF
IMG_1926,MDF
IMG_1927,MDF
IMG_1928,VC
IMG_1929,VC
IMG_1930,VC
IMG_1931,VC
IMG_1932,VC
IMG_1933,VC
IMG_1934,VC
IMG_1935,VC
IMG_1936,VC
IMG_1937,VC
IMG_1938,TFL
IMG_1939,TFL
IMG_1940,TFL
IMG_1941,MDF
IMG_1942,MDF
IMG_1943,MDF
IMG_1944,VC
IMG_1945,VC
IMG_1946,VC
IMG_1947,PC
IMG_1948,TFL
IMG_1949,TFL
IMG_1950,PC
IMG_1951,PC
IMG_1952,PC
IMG_1953,TFL
IMG_1954,VC
IMG_1955,VC
IMG_1956,VC
IMG_1957,VC
IMG_1958,TFL
IMG_1959,PC
IMG_1960,PC
IMG_1961,PC
IMG_1962,PC
IMG_1963,PC
IMG_1964,PC
IMG_1965,PC
IMG_1966,PC
IMG_1967,PC
IMG_1968,PC
IMG_1969,PC
IMG_1970,PC
IMG_1971,PC
IMG_1972,PC
IMG_1973,PC
IMG_1974,MDF
IMG_1975,MDF
IMG_1976,MDF
IMG_1977,MDF
IMG_1978,MDF
IMG_1979,MDF
IMG_1980,MDF
IMG_1981,MDF
IMG_1982,MDF
IMG_1983,MDF
IMG_1984,MDF
IMG_1985,MDF
IMG_1986,MDF
IMG_1987,MDF
IMG_1988,MDF
IMG_1989,MDF
IMG_1990,MDF
IMG_1991,MDF
IMG_1992,MDF
IMG_1993,PC
IMG_1994,PC
IMG_1995,PC
IMG_1996,PC
IMG_1997,PC
IMG_1998,PC
IMG_1999,PC
IMG_2001,PC
IMG_2002,VC
IMG_2003,VC
IMG_2004,PC
IMG_2005,PC
IMG_2006,PC
IMG_2007,PC
IMG_2008,PC
IMG_2009,TFL
IMG_2010,PC
IMG_2011,TFL
IMG_2012,PC
IMG_2013,PC
IMG_2014,PC
IMG_2015,TFL
IMG_2016,PC
IMG_2017,PC
IMG_2018,PC
IMG_2019,PC
IMG_2020,PC
IMG_2021,PC
IMG_2022,TFL
IMG_2023,TFL
IMG_2024,TFL
IMG_2025,TFL
IMG_2026,TFL
IMG_2027,TFL
IMG_2028,PC
IMG_2029,PC
IMG_2030,PC
IMG_2031,PC
IMG_2032,PC
IMG_2033,PC
IMG_2034,PC
IMG_2035,PC
IMG_2036,PC
IMG_2037,PC
IMG_2038,TFL
IMG_2039,TFL
IMG_2040,TFL
IMG_2041,TFL
IMG_2042,TFL
IMG_2043,TFL
IMG_2044,PC
IMG_2045,PC
IMG_2046,PC
IMG_2047,PC
IMG_2048,PC
IMG_2049,PC
IMG_2050,VC
IMG_2051,VC
IMG_2052,TFL
IMG_2053,TFL
IMG_2054,VC
IMG_2055,VC
IMG_2056,VC
IMG_2057,VC
IMG_2058,PC
IMG_2059,PC
IMG_2060,PC
IMG_2061,PC
IMG_2062,PC
IMG_2063,PC
IMG_2064,VC
IMG_2065,VC
IMG_2066,VC
IMG_2067,TFL
IMG_2068,TFL
IMG_2069,TFL
IMG_2070,TFL
IMG_2071,TFL
IMG_2072,TFL
IMG_2073,TFL
IMG_2074,TFL
IMG_2075,TFL
IMG_2076,TFL
IMG_2077,TFL
IMG_2078,MDF
IMG_2079,MDF
IMG_2080,VC
IMG_2081,VC
IMG_2082,VC
IMG_2083,MDF
IMG_2084,MDF
IMG_2085,MDF
IMG_2086,MDF
IMG_2087,MDF
IMG_2088,VC
IMG_2089,VC
IMG_2090,VC
IMG_2091,VC
IMG_2092,VC
IMG_2093,PC
IMG_2094,PC
IMG_2095,PC
IMG_2096,VC
IMG_2097,VC
IMG_2098,VC
IMG_2099,PC
IMG_2100,PC
IMG_2101,PC
IMG_2102,PC
IMG_2103,VC
IMG_2104,VC
IMG_2105,VC
IMG_2106,PC
IMG_2107,PC
IMG_2108,MDF
IMG_2109,MDF
IMG_2110,MDF
IMG_2111,MDF
IMG_2112,MDF
IMG_2113,MDF
IMG_2114,MDF
IMG_2115,MDF
IMG_2116,MDF
IMG_2117,MDF
IMG_2118,MDF
IMG_2119,MDF
IMG_2120,MDF
IMG_2121,MDF
IMG_2122,MDF
IMG_2123,MDF
IMG_2124,MDF
IMG_2125,MDF
IMG_2126,MDF
IMG_2127,MDF
IMG_2128,MDF
IMG_2129,MDF
IMG_2130,MDF
IMG_2131,PC
IMG_2132,PC
IMG_2133,MDF
IMG_2134,MDF
IMG_2135,MDF
IMG_2136,MDF
IMG_2137,MDF
IMG_2138,MDF
IMG_2139,PC
IMG_2140,MDF
IMG_2141,MDF
IMG_2142,MDF
IMG_2143,MDF
IMG_2144,MDF
IMG_2145,MDF
IMG_2146,VC
IMG_2147,MDF
IMG_2148,MDF
IMG_2149,MDF
IMG_2150,MDF
IMG_2151,MDF
IMG_2152,MDF
IMG_2153,MDF
IMG_2154,MDF
IMG_2155,MDF
IMG_2156,MDF
IMG_2157,MDF
IMG_2158,MDF
IMG_2159,MDF
IMG_2160,MDF
IMG_2161,PC
IMG_2162,MDF
IMG_2163,MDF
IMG_2164,MDF
IMG_2165,MDF
IMG_2166,PC
IMG_2167,MDF
IMG_2168,PC
IMG_2169,VC
IMG_2170,MDF
IMG_2171,MDF
IMG_2172,MDF
IMG_2173,TFL
IMG_2174,TFL
IMG_2175,TFL
IMG_2176,TFL
IMG_2177,TFL
IMG_2178,TFL
IMG_2179,PC
IMG_2180,PC
IMG_2181,PC
IMG_2182,PC
IMG_2183,PC
IMG_2184,PC
IMG_2185,PC
IMG_2186,PC
IMG_2187,PC
IMG_2188,PC
IMG_2189,PC
IMG_2190,PC
IMG_2191,PC
IMG_2192,PC
IMG_2193,PC
IMG_2194,TFL
IMG_2195,PC
IMG_2196,PC
IMG_2197,PC
IMG_2198,PC
IMG_2199,PC
IMG_2200,PC
IMG_2201,PC
IMG_2202,PC
IMG_2203,TFL
IMG_2204,TFL
IMG_2205,TFL
IMG_2206,TFL
IMG_2207,TFL
IMG_2208,TFL
IMG_2209,TFL
IMG_2210,TFL
IMG_2211,TFL
IMG_2212,TFL
IMG_2213,TFL
IMG_2214,PC
IMG_2215,TFL
IMG_2216,TFL
IMG_2217,TFL
IMG_2218,TFL
IMG_2219,TFL
IMG_2220,TFL
IMG_2221,TFL
IMG_2222,TFL
IMG_2223,TFL
IMG_2224,PC
IMG_2225,PC
IMG_2226,PC
IMG_2227,PC
IMG_2228,PC
IMG_2229,TFL
IMG_2230,TFL
IMG_2231,TFL
IMG_2232,TFL
IMG_2233,TFL
IMG_2234,TFL
IMG_2235,TFL
IMG_2236,TFL
IMG_2237,TFL
IMG_2238,TFL
IMG_2239,TFL
IMG_2240,TFL
IMG_2241,TFL
IMG_2242,TFL
IMG_2243,TFL
IMG_2244,TFL
IMG_2245,TFL
IMG_2246,TFL
IMG_2247,TFL
IMG_2248,TFL
IMG_2249,TFL
IMG_2250,TFL
IMG_2251,TFL
IMG_2252,TFL
IMG_2253,TFL
IMG_2254,TFL
IMG_2255,TFL
IMG_2256,TFL
IMG_2257,TFL
IMG_2258,TFL
IMG_2259,TFL
IMG_2260,TFL
IMG_2261,TFL
IMG_2262,TFL
IMG_2263,TFL
IMG_2264,TFL
IMG_2265,TFL
IMG_2266,TFL
IMG_2267,TFL
IMG_2268,TFL
IMG_2269,TFL
IMG_2270,TFL
IMG_2271,TFL
IMG_2272,TFL
IMG_2273,TFL
IMG_2274,TFL
IMG_2275,PC
IMG_2276,PC
IMG_2277,PC
IMG_2278,PC
IMG_2279,PC
IMG_2280,PC
IMG_2281,PC
IMG_2282,PC
IMG_2283,PC
IMG_2284,PC
IMG_2285,PC
IMG_2286,PC
IMG_2287,PC
IMG_2288,PC
IMG_2289,PC
IMG_2290,PC
IMG_2291,PC
IMG_2292,PC
IMG_2293,PC
IMG_2294,PC
IMG_2295,PC
IMG_2296,PC
IMG_2297,PC
IMG_2298,PC
IMG_2299,PC
IMG_2300,PC
IMG_2301,PC
IMG_2302,PC
IMG_2303,PC
IMG_2304,PC
IMG_2305,PC
IMG_2306,PC
IMG_2307,PC
IMG_2308,PC
IMG_2309,PC
IMG_2310,PC
IMG_2311,TFL
IMG_2312,TFL
IMG_2313,TFL
IMG_2314,TFL
IMG_2315,TFL
IMG_2316,PC
IMG_2317,PC
IMG_2318,PC
IMG_2319,TFL
IMG_2320,TFL
IMG_2321,TFL
IMG_2322,TFL
IMG_2323,TFL
IMG_2324,TFL
IMG_2325,MDF
IMG_2326,MDF
IMG_2327,MDF
IMG_2328,MDF
IMG_2329,MDF
IMG_2330,MDF
IMG_2331,MDF
IMG_2332,PC
IMG_2333,PC
IMG_2334,VC
IMG_2335,VC
IMG_2336,PC
IMG_2337,PC
IMG_2338,PC
IMG_2339,PC
IMG_2340,PC
IMG_2341,VC
IMG_2342,VC
IMG_2343,VC
IMG_2344,PC
IMG_2345,PC
IMG_2346,TFL
IMG_2347,TFL
IMG_2348,PC
IMG_2349,PC
IMG_2350,VC
IMG_2351,VC
IMG_2352,VC
IMG_2353,PC
IMG_2354,MDF
IMG_2355,MDF
IMG_2356,TFL
IMG_2357,TFL
IMG_2358,TFL
IMG_2359,TFL
IMG_2360,TFL
IMG_2361,TFL
IMG_2362,MDF
IMG_2363,MDF
IMG_2364,MDF
IMG_2365,PC
IMG_2366,PC
IMG_2367,PC
IMG_2368,MDF
IMG_2369,MDF
IMG_2370,MDF
IMG_2371,TFL
IMG_2372,TFL
IMG_2373,MDF
IMG_2374,MDF
IMG_2375,PC
IMG_2376,PC
IMG_2377,PC
IMG_2378,PC
IMG_2379,VC
IMG_2380,VC
IMG_2381,VC
IMG_2382,VC
IMG_2383,VC
IMG_2384,PC
IMG_2385,PC
IMG_2386,PC
IMG_2387,MDF
IMG_2388,MDF
IMG_2389,VC
IMG_2390,VC
IMG_2391,VC
IMG_2392,VC
IMG_2393,VC
IMG_2394,VC
IMG_2395,VC
IMG_2396,PC
IMG_2397,PC
IMG_2398,PC
IMG_2399,PC
IMG_2400,PC
IMG_2401,PC
IMG_2402,PC
IMG_2403,PC
IMG_2404,PC
IMG_2405,PC
IMG_2406,PC
IMG_2407,PC
IMG_2408,PC
IMG_2409,PC
IMG_2410,PC
IMG_2411,PC
IMG_2412,PC
IMG_2413,PC
IMG_2414,PC
IMG_2415,PC
IMG_2416,VC
IMG_2417,VC
IMG_2418,VC
IMG_2419,MDF
IMG_2420,MDF
IMG_2421,MDF
IMG_2422,TFL
IMG_2423,TFL
IMG_2424,TFL
IMG_2425,TFL
IMG_2426,TFL
IMG_2427,TFL
IMG_2428,TFL
IMG_2429,TFL
IMG_2430,TFL
IMG_2431,TFL
IMG_2432,MDF
IMG_2433,MDF
IMG_2434,MDF
IMG_2435,MDF
IMG_2436,MDF
IMG_2437,PC
IMG_2438,PC
IMG_2439,PC
IMG_2440,PC
IMG_2441,PC
IMG_2442,TFL
IMG_2443,TFL
IMG_2444,TFL
IMG_2445,TFL
IMG_2446,TFL
IMG_2447,TFL
IMG_2448,TFL
IMG_2449,TFL
IMG_2450,TFL
IMG_2451,TFL
IMG_2452,TFL
IMG_2453,PC
IMG_2454,TFL
IMG_2455,TFL
IMG_2456,PC
IMG_2457,PC
IMG_2458,TFL
IMG_2459,TFL
IMG_2460,TFL
IMG_2461,TFL
IMG_2462,TFL
IMG_2463,PC
IMG_2464,TFL
IMG_2465,TFL
IMG_2466,TFL
IMG_2467,TFL
IMG_2468,TFL
IMG_2469,PC
IMG_2470,TFL
IMG_2471,PC
IMG_2472,TFL
IMG_2473,TFL
IMG_2474,TFL
IMG_2475,TFL
IMG_2476,TFL
IMG_2477,TFL
IMG_2478,TFL
IMG_2479,TFL
IMG_2480,TFL
IMG_2481,TFL
IMG_2482,TFL
IMG_2483,TFL
IMG_2484,TFL
IMG_2485,TFL
IMG_2486,TFL
IMG_2487,TFL
IMG_2488,TFL
IMG_2489,TFL
IMG_2490,TFL
IMG_2491,TFL
IMG_2492,TFL
IMG_2493,TFL
IMG_2494,TFL
IMG_2495,TFL
IMG_2496,PC
IMG_2497,PC
IMG_2498,TFL
IMG_2500,TFL
IMG_2501,TFL
IMG_2502,TFL
IMG_2503,TFL
IMG_2504,PC
IMG_2505,PC
IMG_2506,PC
IMG_2507,TFL
IMG_2508,TFL
IMG_2509,TFL
IMG_2510,TFL
IMG_2511,TFL
IMG_2512,TFL
IMG_2513,TFL
IMG_2514,TFL
IMG_2515,TFL
IMG_2516,TFL
IMG_2517,TFL
IMG_2518,TFL
IMG_2519,MDF
IMG_2520,MDF
IMG_2521,MDF
IMG_2522,MDF
IMG_2523,MDF
IMG_2524,MDF
IMG_2525,MDF
IMG_2526,VC
IMG_2527,VC
IMG_2528,VC
IMG_2529,PC
IMG_2530,PC
IMG_2531,PC
IMG_2532,PC
IMG_2533,VC
IMG_2534,VC
IMG_2535,PC
IMG_2536,PC
IMG_2537,PC
IMG_2538,PC
IMG_2539,VC
IMG_2540,VC
IMG_2541,VC
IMG_2542,VC
IMG_2543,VC
IMG_2544,TFL
IMG_2545,TFL
IMG_2546,TFL
IMG_2547,PC
IMG_2548,VC
IMG_2549,VC
IMG_2550,TFL
IMG_2551,TFL
IMG_2552,TFL
IMG_2553,VC
IMG_2554,PC
IMG_2555,VC
IMG_2556,VC
IMG_2557,PC
IMG_2558,VC
IMG_2559,VC
IMG_2560,VC
IMG_2561,VC
IMG_2562,VC
IMG_2563,PC
IMG_2564,PC
IMG_2565,PC
IMG_2566,PC
IMG_2567,TFL
IMG_2568,MDF
IMG_2569,TFL
IMG_2570,TFL
IMG_2571,TFL
IMG_2572,TFL
IMG_2573,TFL
IMG_2574,TFL
IMG_2575,VC
IMG_2576,VC
IMG_2577,VC
IMG_2578,VC
IMG_2579,VC
IMG_2580,VC
IMG_2581,VC
IMG_2582,VC
IMG_2583,VC
IMG_2584,VC
IMG_2585,TFL
IMG_2586,TFL
IMG_2587,TFL
IMG_2588,TFL
IMG_2589,TFL
IMG_2590,TFL
IMG_2591,TFL
IMG_2592,TFL
IMG_2593,TFL
IMG_2594,TFL
IMG_2595,TFL
IMG_2596,TFL
IMG_2597,TFL
IMG_2598,TFL
IMG_2599,TFL
IMG_2600,TFL
IMG_2601,TFL
IMG_2602,TFL
IMG_2603,TFL
IMG_2604,TFL
IMG_2605,TFL
IMG_2606,TFL
IMG_2607,TFL
IMG_2608,TFL
IMG_2609,VC
IMG_2610,VC
IMG_2611,VC
IMG_2612,VC
IMG_2613,VC
IMG_2614,VC
IMG_2615,VC
IMG_2616,TFL
IMG_2617,TFL
IMG_2618,TFL
IMG_2619,TFL
IMG_2620,TFL
IMG_2621,TFL
IMG_2622,TFL
IMG_2623,VC
IMG_2624,TFL
IMG_2625,TFL
IMG_2626,TFL
IMG_2627,TFL
IMG_2628,TFL
IMG_2629,VC
IMG_2630,VC
IMG_2631,VC
IMG_2632,VC
IMG_2633,VC
IMG_2634,VC
IMG_2635,VC
IMG_2636,VC
IMG_2637,VC
IMG_2638,VC
IMG_2639,VC
IMG_2640,VC
IMG_2641,VC
IMG_2642,TFL
IMG_2643,TFL
IMG_2644,TFL
IMG_2645,TFL
IMG_2646,MDF
IMG_2647,MDF
IMG_2648,MDF
IMG_2649,MDF
IMG_2650,VC
IMG_2651,VC
IMG_2652,VC
IMG_2653,VC
IMG_2654,VC
IMG_2655,VC
IMG_2656,VC
IMG_2657,VC
IMG_2658,TFL
IMG_2659,TFL
IMG_2660,TFL
IMG_2661,TFL
IMG_2662,TFL
IMG_2663,TFL
IMG_2664,TFL
IMG_2665,TFL
IMG_2666,TFL
IMG_2667,PC
IMG_2668,TFL
IMG_2669,TFL
IMG_2670,TFL
IMG_2671,TFL
IMG_2672,TFL
IMG_2673,TFL
IMG_2674,TFL
IMG_2675,TFL
IMG_2676,TFL
IMG_2677,TFL
IMG_2678,TFL
IMG_2679,TFL
IMG_2680,TFL
IMG_2681,TFL
IMG_2682,TFL
IMG_2683,TFL
IMG_2684,TFL
IMG_2685,TFL
IMG_2686,TFL
IMG_2687,TFL
IMG_2688,TFL
IMG_2689,TFL
IMG_2690,TFL
IMG_2691,TFL
IMG_2692,TFL
IMG_2693,TFL
IMG_2694,TFL
IMG_2695,TFL
IMG_2696,TFL
IMG_2697,TFL
IMG_2698,TFL
IMG_2699,PC
IMG_2700,PC
IMG_2701,PC
IMG_2702,PC
IMG_2703,TFL
IMG_2704,TFL
IMG_2705,PC
IMG_2706,PC
IMG_2707,TFL
IMG_2708,TFL
IMG_2709,TFL
IMG_2710,TFL
IMG_2711,TFL
IMG_2712,TFL
IMG_2713,TFL
IMG_2714,TFL
IMG_2715,TFL
IMG_2716,TFL
IMG_2717,TFL
IMG_2718,TFL
IMG_2719,TFL
IMG_2720,TFL
IMG_2721,PC
IMG_2722,TFL
IMG_2723,TFL
IMG_2724,TFL
IMG_2725,TFL
IMG_2726,TFL
IMG_2727,TFL
IMG_2728,TFL
IMG_2729,PC
IMG_2730,TFL
IMG_2731,TFL
IMG_2732,VC
IMG_2733,VC
IMG_2734,VC
IMG_2735,PC
IMG_2736,TFL
IMG_2737,TFL
IMG_2738,TFL
IMG_2739,TFL
IMG_2740,TFL
IMG_2741,PC
IMG_2742,TFL
IMG_2743,TFL
IMG_2744,TFL
IMG_2745,TFL
IMG_2746,PC
IMG_2747,TFL
IMG_2748,TFL
IMG_2749,PC
IMG_2750,TFL
IMG_2751,TFL
IMG_2752,PC
IMG_2753,TFL
IMG_2754,TFL
IMG_2755,TFL
IMG_2756,PC
IMG_2757,TFL
IMG_2758,PC
IMG_2759,TFL
IMG_2760,TFL
IMG_2761,TFL
IMG_2762,TFL
IMG_2763,MDF
IMG_2764,TFL
IMG_2765,TFL
IMG_2766,TFL
IMG_2767,TFL
IMG_2768,TFL
IMG_2769,TFL
IMG_2770,TFL
IMG_2771,TFL
IMG_2772,TFL
IMG_2773,TFL
IMG_2774,TFL
IMG_2775,TFL
IMG_2776,TFL
IMG_2777,TFL
IMG_2778,TFL
IMG_2779,TFL
IMG_2780,TFL
IMG_2781,TFL
IMG_2782,MDF
IMG_2783,MDF
IMG_2784,MDF
IMG_2785,MDF
IMG_2786,VC
IMG_2787,VC
IMG_2788,VC
IMG_2789,VC
IMG_2790,VC
IMG_2791,VC
IMG_2792,MDF
IMG_2793,MDF
IMG_2794,MDF
IMG_2795,TFL
IMG_2796,TFL
IMG_2797,TFL
IMG_2798,TFL
IMG_2799,TFL
IMG_2800,TFL
IMG_2801,TFL
IMG_2802,VC
IMG_2803,VC
IMG_2804,VC
IMG_2805,VC
IMG_2806,VC
IMG_2807,VC
IMG_2808,MDF
IMG_2809,MDF
IMG_2810,MDF
IMG_2811,VC
IMG_2812,VC
IMG_2813,TFL
IMG_2814,VC
IMG_2815,TFL
IMG_2816,VC
IMG_2817,VC
IMG_2818,TFL
IMG_2819,VC
IMG_2820,VC
IMG_2821,VC
IMG_2822,VC
IMG_2823,TFL
IMG_2824,MDF
IMG_2825,VC
IMG_2826,VC
IMG_2827,TFL
IMG_2828,TFL
IMG_2829,TFL
IMG_2830,TFL
IMG_2831,TFL
IMG_2832,TFL
IMG_2833,PC
IMG_2834,PC
IMG_2835,PC
IMG_2836,PC
IMG_2837,PC
IMG_2838,PC
IMG_2839,PC
IMG_2840,PC
IMG_2841,PC
IMG_2842,PC
IMG_2843,PC
IMG_2844,PC
IMG_2845,PC
IMG_2846,PC
IMG_2847,PC
IMG_2848,PC
IMG_2849,PC
IMG_2850,PC
IMG_2851,PC
IMG_2852,PC
IMG_2853,PC
IMG_2854,PC
IMG_2855,PC
IMG_2856,PC
IMG_2857,PC
IMG_2858,PC
IMG_2859,PC
IMG_2860,PC
IMG_2861,PC
IMG_2862,PC
IMG_2863,PC
IMG_2864,PC
IMG_2865,PC
IMG_2866,PC
IMG_2867,PC
IMG_2868,PC
IMG_2869,PC
IMG_2870,PC
IMG_2871,PC
IMG_2872,PC
IMG_2873,PC
IMG_2874,PC
IMG_2875,PC
IMG_2876,PC
IMG_2877,PC
IMG_2878,PC
IMG_2879,PC
IMG_2880,PC
IMG_2881,PC
IMG_2882,PC
IMG_2883,VC
IMG_2884,VC
IMG_2885,VC
IMG_2886,VC
IMG_2887,VC
IMG_2888,VC
IMG_2889,VC
IMG_2890,VC
IMG_2891,VC
IMG_2892,PC
IMG_2893,PC
IMG_2894,PC
IMG_2895,PC
IMG_2896,PC
IMG_2897,PC
IMG_2898,PC
IMG_2899,PC
IMG_2900,PC
IMG_2901,PC
IMG_2902,PC
IMG_2903,PC
IMG_2904,TFL
IMG_2905,TFL
IMG_2906,TFL
IMG_2907,TFL
IMG_2908,TFL
IMG_2909,TFL
IMG_2910,TFL
IMG_2911,TFL
IMG_2912,TFL
IMG_2913,TFL
IMG_2914,TFL
IMG_2915,TFL
IMG_2916,TFL
IMG_2917,TFL
IMG_2918,TFL
IMG_2919,TFL
IMG_2920,TFL
IMG_2921,TFL
IMG_2922,TFL
IMG_2923,TFL
IMG_2924,TFL
IMG_2925,PC
IMG_2926,PC
IMG_2927,MDF
IMG_2928,MDF
IMG_2929,MDF
IMG_2930,MDF
IMG_2931,MDF
IMG_2932,MDF
IMG_2933,MDF
IMG_2934,MDF
IMG_2935,MDF
IMG_2936,MDF
IMG_2937,MDF
IMG_2938,MDF
IMG_2939,TFL
IMG_2940,TFL
IMG_2941,TFL
IMG_2942,TFL
IMG_2943,TFL
IMG_2944,TFL
IMG_2945,TFL
IMG_2946,TFL
IMG_2947,TFL
IMG_2948,TFL
IMG_2949,TFL
IMG_2950,TFL
IMG_2951,TFL
IMG_2952,TFL
IMG_2953,TFL
IMG_2954,TFL
IMG_2955,TFL
IMG_2956,TFL
IMG_2957,TFL
IMG_2958,TFL
IMG_2959,TFL
IMG_2960,TFL
IMG_2961,TFL
IMG_2962,TFL
IMG_2963,TFL
IMG_2964,MDF
IMG_2965,MDF
IMG_2966,MDF
IMG_2967,MDF
IMG_2968,MDF
IMG_2969,MDF
IMG_2970,PC
IMG_2971,PC
IMG_2972,PC
IMG_2973,PC
IMG_2974,PC
IMG_2975,TFL
IMG_2976,TFL
IMG_2977,TFL
IMG_2978,TFL
IMG_2979,TFL
IMG_2980,TFL
IMG_2981,PC
IMG_2982,PC
IMG_2983,PC
IMG_2984,MDF
IMG_2985,MDF
IMG_2986,VC
IMG_2987,VC
IMG_2988,VC
IMG_2989,VC
IMG_2990,VC
IMG_2991,VC
IMG_2992,VC
IMG_2993,MDF
IMG_2994,MDF
IMG_2995,MDF
IMG_2996,MDF
IMG_2997,PC
IMG_2998,PC
IMG_2999,PC
IMG_3001,PC
IMG_3002,PC
IMG_3003,PC
IMG_3004,PC
IMG_3005,PC
IMG_3006,PC
IMG_3007,MDF
IMG_3008,MDF
IMG_3009,MDF
IMG_3010,MDF
IMG_3011,PC
IMG_3012,MDF
IMG_3013,MDF
IMG_3014,MDF
IMG_3015,MDF
IMG_3016,MDF
IMG_3017,MDF
IMG_3018,MDF
IMG_3019,MDF
IMG_3020,MDF
IMG_3021,MDF
IMG_3022,MDF
IMG_3023,MDF
IMG_3024,MDF
IMG_3025,MDF
IMG_3026,MDF
IMG_3027,MDF
IMG_3028,MDF
IMG_3029,MDF
IMG_3030,MDF
IMG_3031,MDF
IMG_3032,MDF
IMG_3033,MDF
IMG_3034,MDF
IMG_3035,MDF
IMG_3036,MDF
IMG_3037,MDF
IMG_3038,MDF
IMG_3039,MDF
IMG_3040,MDF
IMG_3041,MDF
IMG_3042,TFL
IMG_3043,TFL
IMG_3044,TFL
IMG_3045,TFL
IMG_3046,TFL
IMG_3047,TFL
IMG_3048,TFL
IMG_3049,TFL
IMG_3050,TFL
IMG_3051,TFL
IMG_3052,TFL
IMG_3053,TFL
IMG_3054,PC
IMG_3055,PC
IMG_3056,PC
IMG_3057,PC
IMG_3058,PC
IMG_3059,PC
IMG_3060,PC
IMG_3061,PC
IMG_3062,PC
IMG_3063,PC
IMG_3064,PC
IMG_3065,PC
IMG_3066,PC
IMG_3067,PC
IMG_3068,PC
IMG_3069,PC
IMG_3070,PC
IMG_3071,PC
IMG_3072,PC
IMG_3073,PC
IMG_3074,PC
IMG_3075,PC
IMG_3076,TFL
IMG_3077,TFL
IMG_3078,TFL
IMG_3079,TFL
IMG_3080,TFL
IMG_3081,TFL
IMG_3082,TFL
IMG_3083,TFL
IMG_3084,TFL
IMG_3085,TFL
IMG_3086,TFL
IMG_3087,TFL
IMG_3088,TFL
IMG_3089,TFL
IMG_3090,TFL
IMG_3091,TFL
IMG_3092,VC
IMG_3093,VC
IMG_3094,MDF
IMG_3095,MDF
IMG_3096,MDF
IMG_3097,PC
IMG_3098,PC
IMG_3099,PC
IMG_3100,TFL
IMG_3101,TFL
IMG_3102,TFL
IMG_3103,TFL
IMG_3104,MDF
IMG_3105,MDF
IMG_3106,MDF
IMG_3107,MDF
IMG_3108,MDF
IMG_3109,VC
IMG_3110,VC
IMG_3111,MDF
IMG_3112,MDF
IMG_3113,MDF
IMG_3114,PC
IMG_3115,PC
IMG_3116,PC
IMG_3117,PC
IMG_3118,PC
IMG_3119,PC
IMG_3120,TFL
IMG_3121,TFL
IMG_3122,TFL
IMG_3123,TFL
IMG_3124,TFL
IMG_3125,TFL
IMG_3126,TFL
IMG_3127,TFL
IMG_3128,TFL
IMG_3129,PC
IMG_3130,TFL
IMG_3131,TFL
IMG_3132,TFL
IMG_3133,TFL
IMG_3134,TFL
IMG_3135,TFL
IMG_3136,TFL
IMG_3137,TFL
IMG_3138,TFL
IMG_3139,TFL
IMG_3140,TFL
IMG_3141,TFL
IMG_3142,TFL
IMG_3143,TFL
IMG_3144,TFL
IMG_3145,TFL
IMG_3146,TFL
IMG_3147,TFL
IMG_3148,TFL
IMG_3149,TFL
IMG_3150,TFL
IMG_3151,TFL
IMG_3152,TFL